insert into TaiKhoan (email, password, vaiTro) values 
('admin1@example.com', 'password1', N'Admin'),
('admin2@example.com', 'password2', N'Admin'),
('khach1@example.com', 'password3', N'Khách Thuê'),
('khach2@example.com', 'password4', N'Khách Thuê'),
('chunha1@example.com', 'password5', N'Chủ Nhà'),
('chunha2@example.com', 'password6', N'Chủ Nhà'),
('admin3@example.com', 'password7', N'Admin'),
('admin4@example.com', 'password8', N'Admin'),
('khach3@example.com', 'password9', N'Khách Thuê'),
('khach4@example.com', 'password10', N'Khách Thuê'),
('chunha3@example.com', 'password11', N'Chủ Nhà'),
('chunha4@example.com', 'password12', N'Chủ Nhà'),
('admin5@example.com', 'password13', N'Admin'),
('admin6@example.com', 'password14', N'Admin'),
('khach5@example.com', 'password15', N'Khách Thuê'),
('khach6@example.com', 'password16', N'Khách Thuê'),
('chunha5@example.com', 'password17', N'Chủ Nhà'),
('chunha6@example.com', 'password18', N'Chủ Nhà'),
('admin7@example.com', 'password19', N'Admin'),
('admin8@example.com', 'password20', N'Admin');

insert into Admin (maCCCD, tenAdmin, ngaySinh, gioiTinh, soDienThoai, diaChi, maTaiKhoan) values 
('123456789012', N'Trần Văn A', '1985-01-01', N'Nam', '0123456789', N'1 Nguyễn Thị Minh Khai', 1),
('123456789013', N'Nguyễn Thị B', '1980-02-02', N'Nữ', '0123456790', N'2 Trần Hưng Đạo', 2),
('123456789014', N'Nguyễn Văn C', '1990-03-03', N'Nam', '0123456791', N'3 Lê Lợi', 3),
('123456789015', N'Nguyễn Thị D', '1992-04-04', N'Nữ', '0123456792', N'4 Phan Đình Phùng', 4),
('123456789016', N'Trần Văn E', '1988-05-05', N'Nam', '0123456793', N'5 Đinh Tiên Hoàng', 5),
('123456789017', N'Nguyễn Thị F', '1984-06-06', N'Nữ', '0123456794', N'6 Hàng Bài', 6),
('123456789018', N'Trần Văn G', '1979-07-07', N'Nam', '0123456795', N'7 Bến Thành', 7),
('123456789019', N'Nguyễn Thị H', '1982-08-08', N'Nữ', '0123456796', N'8 Phan Chu Trinh', 8),
('123456789020', N'Nguyễn Văn I', '1995-09-09', N'Nam', '0123456797', N'9 Lê Duẩn', 9),
('123456789021', N'Nguyễn Thị J', '1981-10-10', N'Nữ', '0123456798', N'10 Hàng Đào', 10),
('123456789022', N'Trần Văn K', '1994-11-11', N'Nam', '0123456799', N'11 Ngô Quyền', 11),
('123456789023', N'Nguyễn Thị L', '1983-12-12', N'Nữ', '0123456700', N'12 Lê Văn Sĩ', 12),
('123456789024', N'Trần Văn M', '1996-01-01', N'Nam', '0123456701', N'13 Lê Lợi', 13),
('123456789025', N'Nguyễn Thị N', '1991-02-02', N'Nữ', '0123456702', N'14 Trần Quốc Toản', 14),
('123456789026', N'Nguyễn Văn O', '1987-03-03', N'Nam', '0123456703', N'15 Nguyễn Thái Học', 15),
('123456789027', N'Nguyễn Thị P', '1986-04-04', N'Nữ', '0123456704', N'16 Hàm Nghi', 16),
('123456789028', N'Trần Văn Q', '1993-05-05', N'Nam', '0123456705', N'17 Hàng Bông', 17),
('123456789029', N'Nguyễn Thị R', '1998-06-06', N'Nữ', '0123456706', N'18 Đinh Tiên Hoàng', 18),
('123456789030', N'Trần Văn S', '1999-07-07', N'Nam', '0123456707', N'19 Bùi Viện', 19),
('123456789031', N'Nguyễn Thị T', '2000-08-08', N'Nữ', '0123456708', N'20 Trần Hưng Đạo', 20);

insert into KhachThue (maCCCD, tenKhach, ngaySinh, gioiTinh, soDienThoai, diaChi, maTaiKhoan) values 
('123456789032', N'Lê Văn U', '1995-01-01', N'Nam', '0123456709', N'21 Nguyễn Thị Minh Khai', 3),
('123456789033', N'Trần Thị V', '1997-02-02', N'Nữ', '0123456710', N'22 Trần Hưng Đạo', 4),
('123456789034', N'Nguyễn Văn X', '1990-03-03', N'Nam', '0123456711', N'23 Lê Lợi', 5),
('123456789035', N'Nguyễn Thị Y', '1989-04-04', N'Nữ', '0123456712', N'24 Phan Đình Phùng', 6),
('123456789036', N'Trần Văn Z', '1988-05-05', N'Nam', '0123456713', N'25 Đinh Tiên Hoàng', 7),
('123456789037', N'Nguyễn Thị A1', '1992-06-06', N'Nữ', '0123456714', N'26 Hàng Bài', 8),
('123456789038', N'Nguyễn Văn B2', '1991-07-07', N'Nam', '0123456715', N'27 Bến Thành', 9),
('123456789039', N'Trần Thị C3', '1990-08-08', N'Nữ', '0123456716', N'28 Phan Chu Trinh', 10),
('123456789040', N'Lê Văn D4', '1995-09-09', N'Nam', '0123456717', N'29 Lê Duẩn', 11),
('123456789041', N'Nguyễn Thị E5', '1997-10-10', N'Nữ', '0123456718', N'30 Hàng Đào', 12),
('123456789042', N'Trần Văn F6', '1992-11-11', N'Nam', '0123456719', N'31 Ngô Quyền', 13),
('123456789043', N'Nguyễn Thị G7', '1983-12-12', N'Nữ', '0123456720', N'32 Lê Văn Sĩ', 14),
('123456789044', N'Lê Văn H8', '1988-01-01', N'Nam', '0123456721', N'33 Lê Lợi', 15),
('123456789045', N'Nguyễn Thị I9', '1996-02-02', N'Nữ', '0123456722', N'34 Trần Quốc Toản', 16),
('123456789046', N'Nguyễn Văn J0', '1994-03-03', N'Nam', '0123456723', N'35 Nguyễn Thái Học', 17),
('123456789047', N'Trần Thị K1', '1985-04-04', N'Nữ', '0123456724', N'36 Hàm Nghi', 18),
('123456789048', N'Nguyễn Văn L2', '1982-05-05', N'Nam', '0123456725', N'37 Hàng Bông', 19),
('123456789049', N'Nguyễn Thị M3', '1999-06-06', N'Nữ', '0123456726', N'38 Đinh Tiên Hoàng', 20);

insert into ChuNha (maCCCD, tenChuNha, ngaySinh, gioiTinh, soDienThoai, diaChi, maTaiKhoan) values 
('123456789050', N'Lê Văn N', '1985-01-01', N'Nam', '0123456727', N'39 Nguyễn Thị Minh Khai', 3),
('123456789051', N'Trần Thị O', '1990-02-02', N'Nữ', '0123456728', N'40 Trần Hưng Đạo', 4),
('123456789052', N'Nguyễn Văn P', '1987-03-03', N'Nam', '0123456729', N'41 Lê Lợi', 5),
('123456789053', N'Nguyễn Thị Q', '1989-04-04', N'Nữ', '0123456730', N'42 Phan Đình Phùng', 6),
('123456789054', N'Trần Văn R', '1988-05-05', N'Nam', '0123456731', N'43 Đinh Tiên Hoàng', 7),
('123456789055', N'Nguyễn Thị S', '1986-06-06', N'Nữ', '0123456732', N'44 Hàng Bài', 8),
('123456789056', N'Lê Văn T', '1994-07-07', N'Nam', '0123456733', N'45 Bến Thành', 9),
('123456789057', N'Nguyễn Thị U', '1993-08-08', N'Nữ', '0123456734', N'46 Phan Chu Trinh', 10),
('123456789058', N'Nguyễn Văn V', '1991-09-09', N'Nam', '0123456735', N'47 Lê Duẩn', 11),
('123456789059', N'Nguyễn Thị W', '1980-10-10', N'Nữ', '0123456736', N'48 Hàng Đào', 12),
('123456789060', N'Lê Văn X', '1985-11-11', N'Nam', '0123456737', N'49 Ngô Quyền', 13),
('123456789061', N'Nguyễn Thị Y', '1992-12-12', N'Nữ', '0123456738', N'50 Lê Văn Sĩ', 14),
('123456789062', N'Trần Văn Z', '1989-01-01', N'Nam', '0123456739', N'51 Lê Lợi', 15),
('123456789063', N'Nguyễn Văn A1', '1997-02-02', N'Nam', '0123456740', N'52 Trần Quốc Toản', 16),
('123456789064', N'Nguyễn Thị B2', '1988-03-03', N'Nữ', '0123456741', N'53 Nguyễn Thái Học', 17),
('123456789065', N'Lê Văn C3', '1984-04-04', N'Nam', '0123456742', N'54 Hàm Nghi', 18),
('123456789066', N'Nguyễn Thị D4', '1986-05-05', N'Nữ', '0123456743', N'55 Hàng Bông', 19),
('123456789067', N'Nguyễn Văn E5', '1993-06-06', N'Nam', '0123456744', N'56 Đinh Tiên Hoàng', 20);

INSERT INTO CoSoVatChat(tenCSVC, trangThai) VALUES
(N'Wi-Fi', N'Hoạt động'),
(N'Nước uống', N'Hoạt động'),
(N'Diều hòa', N'Hoạt động'),
(N'Ti vi', N'Hoạt động'),
(N'Tủ lạnh', N'Hoạt động'),
(N'Máy giặt', N'Hoạt động'),
(N'Ti vi phòng khách', N'Hoạt động'),
(N'Bãi đậu xe', N'Hoạt động'),
(N'Thang máy', N'Hoạt động'),
(N'Máy lọc nước', N'Hoạt động'),
(N'Chỗ để xe máy', N'Hoạt động'),
(N'Hệ thống an ninh', N'Hoạt động'),
(N'Nhà bếp', N'Hoạt động'),
(N'Sân vườn', N'Hoạt động'),
(N'Sảnh tiếp khách', N'Hoạt động'),
(N'Internet', N'Hoạt động'),
(N'Dịch vụ dọn dẹp', N'Hoạt động'),
(N'Bàn ghế ngoài trời', N'Hoạt động'),
(N'Thuê xe', N'Hoạt động'),
(N'Dịch vụ giặt ủi', N'Hoạt động');

INSERT INTO KieuPhong(loaiPhong, dienTich, giaPhong) VALUES
(N'Phòng đơn', 20, 2000000),
(N'Phòng đôi', 30, 3000000),
(N'Phòng ba', 40, 4000000),
(N'Phòng có bếp', 35, 3500000),
(N'Phòng VIP', 50, 5000000),
(N'Phòng tập thể', 25, 1500000),
(N'Phòng có ban công', 30, 3200000),
(N'Phòng có máy lạnh', 30, 2800000),
(N'Phòng có view đẹp', 45, 4500000),
(N'Phòng có dịch vụ dọn dẹp', 30, 3600000),
(N'Phòng không có nội thất', 20, 1200000),
(N'Phòng có toilet riêng', 25, 2700000),
(N'Phòng đầy đủ nội thất', 35, 4000000),
(N'Phòng có bồn tắm', 40, 3800000),
(N'Phòng có tủ lạnh', 30, 2900000),
(N'Phòng có bàn làm việc', 30, 3100000),
(N'Phòng có máy sưởi', 25, 2600000),
(N'Phòng có điều hòa không khí', 40, 4200000),
(N'Phòng có tivi', 35, 3000000),
(N'Phòng có cửa sổ lớn', 30, 3500000);

INSERT INTO KieuPhong_CoSoVatChat(maCSVC, maKieuPhong, ghiChu) VALUES
(1, 1, N'Wifi miễn phí'),
(1, 2, N'Wifi miễn phí'),
(2, 1, N'Nước uống miễn phí'),
(3, 3, N'Ti vi trong phòng'),
(4, 4, N'Tủ lạnh trong phòng'),
(5, 5, N'Máy giặt dùng chung'),
(6, 6, N'Ti vi phòng khách'),
(7, 7, N'Chỗ để xe máy miễn phí'),
(8, 8, N'Hệ thống an ninh 24/7'),
(9, 9, N'Nhà bếp tiện nghi'),
(10, 10, N'Sân vườn đẹp'),
(11, 1, N'Internet tốc độ cao'),
(12, 2, N'Dịch vụ dọn dẹp hàng tuần'),
(13, 3, N'Chỗ để xe ô tô'),
(14, 4, N'Có khu vui chơi trẻ em'),
(15, 5, N'Thang máy cho tất cả tầng'),
(16, 6, N'Máy lọc nước uống'),
(17, 7, N'Thiết kế nội thất sang trọng'),
(18, 8, N'Dịch vụ giặt ủi miễn phí'),
(19, 9, N'Có dịch vụ thuê xe'),
(20, 10, N'Dịch vụ dọn dẹp hàng ngày');

INSERT INTO NhaTro(maChuNha, diaChi, soLuongPhong, trangThai) VALUES 
(1, N'Số 54 đường 427, Huyện Thường Tín', 20, N'Đang hoạt động'),
(1, N'Số 123 Đường Nguyễn Trãi, Quận Thanh Xuân', 10, N'Đang hoạt động'),
(2, N'Số 456 Đường Láng, Quận Đống Đa', 15, N'Đang hoạt động'),
(3, N'Số 789 Đường Hoàng Quốc Việt, Quận Cầu Giấy', 20, N'Đang hoạt động'),
(4, N'Số 101 Đường Trần Duy Hưng, Quận Cầu Giấy', 12, N'Đang hoạt động'),
(5, N'Số 202 Đường Kim Mã, Quận Ba Đình', 8, N'Đang hoạt động'),
(6, N'Số 303 Đường Nguyễn Thị Định, Quận Thanh Xuân', 10, N'Đang hoạt động'),
(7, N'Số 404 Đường Xuân Thủy, Quận Cầu Giấy', 5, N'Đang hoạt động'),
(8, N'Số 505 Đường Bạch Mai, Quận Hai Bà Trưng', 18, N'Đang hoạt động'),
(9, N'Số 606 Đường Đê La Thành, Quận Đống Đa', 9, N'Đang hoạt động'),
(10, N'Số 707 Đường Thanh Niên, Quận Tây Hồ', 7, N'Đang hoạt động'),
(11, N'Số 808 Đường Thái Hà, Quận Đống Đa', 14, N'Đang hoạt động'),
(12, N'Số 909 Đường Trần Khát Chân, Quận Hai Bà Trưng', 11, N'Đang hoạt động'),
(13, N'Số 121 Đường Hoàng Mai, Quận Hoàng Mai', 16, N'Đang hoạt động'),
(14, N'Số 131 Đường Kim Liên, Quận Đống Đa', 8, N'Đang hoạt động'),
(15, N'Số 141 Đường Lê Đức Thọ, Quận Nam Từ Liêm', 13, N'Đang hoạt động'),
(16, N'Số 151 Đường Hoàng Cầu, Quận Đống Đa', 10, N'Đang hoạt động'),
(17, N'Số 161 Đường Trường Chinh, Quận Thanh Xuân', 5, N'Đang hoạt động'),
(18, N'Số 171 Đường Đại Cồ Việt, Quận Hai Bà Trưng', 20, N'Đang hoạt động')


INSERT INTO Phong(tenPhong, maKieuPhong, maNhaTro) VALUES
(N'Phòng 1A', 1, 1),
(N'Phòng 1B', 1, 1),
(N'Phòng 1C', 2, 1),
(N'Phòng 1D', 3, 1),
(N'Phòng 1E', 4, 1),
(N'Phòng 1F', 5, 1),
(N'Phòng 2A', 1, 2),
(N'Phòng 2B', 2, 2),
(N'Phòng 2C', 3, 2),
(N'Phòng 2D', 4, 2),
(N'Phòng 2E', 5, 2),
(N'Phòng 3A', 1, 3),
(N'Phòng 3B', 2, 3),
(N'Phòng 3C', 3, 3),
(N'Phòng 3D', 4, 3),
(N'Phòng 3E', 5, 3),
(N'Phòng 4A', 1, 4),
(N'Phòng 4B', 2, 4),
(N'Phòng 4C', 3, 4),
(N'Phòng 4D', 4, 4);

INSERT INTO DichVu(tenDichVu, trangThai, giaDichVu) VALUES
(N'Điện', N'Hoạt động', 4000),
(N'Nước', N'Hoạt động', 100000),
(N'Internet', N'Hoạt động', 100000),
(N'Chỗ đậu xe', N'Hoạt động', 50000),
(N'Thang máy', N'Hoạt động', 50000),
(N'Vệ sinh', N'Hoạt động', 10000)

INSERT INTO Phong_DichVu(maPhong, maDichVu, ghiChu) VALUES
(3, 4, N'Dịch vụ đậu xe miễn phí'),
(4, 5, N'Dịch vụ ăn sáng'),
(5, 6, N'Ti vi có cáp'),
(6, 7, N'Máy lạnh trong phòng'),
(7, 8, N'Giữ đồ trong kho'),
(8, 9, N'Thẻ điện thoại trả trước'),
(9, 10, N'Dịch vụ xe đưa đón sân bay'),
(10, 11, N'Dịch vụ bảo vệ 24/7'),
(11, 12, N'Quản lý sự kiện cho sinh nhật'),
(12, 13, N'Spa trong khuôn viên'),
(13, 14, N'Thuê xe máy đi lại'),
(14, 15, N'Dịch vụ thực phẩm giao tận nơi'),
(15, 16, N'Thuê đồ nội thất cho sự kiện'),
(16, 17, N'Dịch vụ sửa chữa điện nước'),
(17, 18, N'Dịch vụ bơi lội vào cuối tuần'),
(18, 19, N'Dịch vụ hướng dẫn địa phương');
delete from Phong_DichVu
INSERT INTO Phong_Khach(maPhong, maKhachThue, ghiChu) VALUES
(3, 5, N'Tháng 5, 2024'),
(3, 1, N'Tháng 6, 2024'),
(4, 2, N'Tháng 7, 2024'),
(4, 3, N'Tháng 8, 2024'),
(5, 4, N'Tháng 9, 2024'),
(5, 5, N'Tháng 10, 2024'),
(6, 1, N'Tháng 11, 2024'),
(6, 2, N'Tháng 12, 2024'),
(7, 3, N'Tháng 1, 2025'),
(7, 4, N'Tháng 2, 2025'),
(8, 5, N'Tháng 3, 2025'),
(8, 1, N'Tháng 4, 2025'),
(9, 2, N'Tháng 5, 2025'),
(9, 3, N'Tháng 6, 2025'),
(10, 4, N'Tháng 7, 2025'),
(10, 5, N'Tháng 8, 2025');

INSERT INTO HopDong(maPhong, maKhachThue, tienCoc, ngayThue, trangThai) VALUES
(3, 5, 3000000, N'2024-05-01', N'Đang hoạt động'),
(3, 1, 1000000, N'2024-06-01', N'Đang hoạt động'),
(4, 2, 2000000, N'2024-07-01', N'Đang hoạt động'),
(4, 3, 2500000, N'2024-08-01', N'Đang hoạt động'),
(5, 4, 1500000, N'2024-09-01', N'Đang hoạt động'),
(5, 5, 3500000, N'2024-10-01', N'Đang hoạt động'),
(6, 1, 4000000, N'2024-11-01', N'Đang hoạt động'),
(6, 2, 5000000, N'2024-12-01', N'Đang hoạt động'),
(7, 3, 6000000, N'2025-01-01', N'Đang hoạt động'),
(7, 4, 7000000, N'2025-02-01', N'Đang hoạt động'),
(8, 5, 8000000, N'2025-03-01', N'Đang hoạt động'),
(8, 1, 9000000, N'2025-04-01', N'Đang hoạt động'),
(9, 2, 10000000, N'2025-05-01', N'Đang hoạt động'),
(9, 3, 11000000, N'2025-06-01', N'Đang hoạt động'),
(10, 4, 12000000, N'2025-07-01', N'Đang hoạt động'),
(10, 5, 13000000, N'2025-08-01', N'Đang hoạt động');

INSERT INTO ThanhToan(maHopDong, soTien, hinhThucThanhToan, trangThai) VALUES
(2, 2000000, N'Tiền Mặt', N'Đã thanh toán'),
(2, 1000000, N'Chuyển Khoản', N'Đã thanh toán'),
(3, 1500000, N'Tiền Mặt', N'Đã thanh toán'),
(3, 750000, N'Chuyển Khoản', N'Đã thanh toán'),
(4, 2500000, N'Tiền Mặt', N'Đã thanh toán'),
(4, 1250000, N'Chuyển Khoản', N'Đã thanh toán'),
(5, 3000000, N'Tiền Mặt', N'Đã thanh toán'),
(5, 1500000, N'Chuyển Khoản', N'Đã thanh toán'),
(6, 1000000, N'Tiền Mặt', N'Đã thanh toán'),
(6, 500000, N'Chuyển Khoản', N'Đã thanh toán'),
(7, 2000000, N'Tiền Mặt', N'Đã thanh toán'),
(7, 1000000, N'Chuyển Khoản', N'Đã thanh toán'),
(8, 2500000, N'Tiền Mặt', N'Đã thanh toán'),
(8, 1250000, N'Chuyển Khoản', N'Đã thanh toán'),
(9, 3000000, N'Tiền Mặt', N'Đã thanh toán'),
(9, 1500000, N'Chuyển Khoản', N'Đã thanh toán'),
(10, 4000000, N'Tiền Mặt', N'Đã thanh toán'),
(10, 2000000, N'Chuyển Khoản', N'Đã thanh toán');

delete from ThanhToan
DBCC CHECKIDENT ('NhaTro', RESEED, 0); -- Giá trị tiếp theo sẽ là 1


